Primer,Unique_File_name,Index name FWD,Index sequence FWD,Index name REV,Index sequence REV
MiBird,EM192_001,F1,NNacacacacGGGTTGGTAAATYTYGTGCCAGC,R25,NNagcgactaCATAGTGGGGTATCTAATCCCAGTT
MiBird,EM192_002,F2,NNNacagcacaGGGTTGGTAAATYTYGTGCCAGC,R25,NNagcgactaCATAGTGGGGTATCTAATCCCAGTT
MiBird,EM192_003,F3,NNNNgtgtacatGGGTTGGTAAATYTYGTGCCAGC,R25,NNagcgactaCATAGTGGGGTATCTAATCCCAGTT
MiBird,EM192_004,F4,NNtatgtcagGGGTTGGTAAATYTYGTGCCAGC,R25,NNagcgactaCATAGTGGGGTATCTAATCCCAGTT
MiBird,EM192_005,F5,NNNtagtcgcaGGGTTGGTAAATYTYGTGCCAGC,R25,NNagcgactaCATAGTGGGGTATCTAATCCCAGTT
MiBird,EM192_006,F6,NNNNtactatacGGGTTGGTAAATYTYGTGCCAGC,R25,NNagcgactaCATAGTGGGGTATCTAATCCCAGTT
MiBird,EM192_007,F7,NNactagatcGGGTTGGTAAATYTYGTGCCAGC,R25,NNagcgactaCATAGTGGGGTATCTAATCCCAGTT
MiBird,EM192_008,F8,NNNgatcgcgaGGGTTGGTAAATYTYGTGCCAGC,R25,NNagcgactaCATAGTGGGGTATCTAATCCCAGTT
MiBird,EM192_009,F1,NNacacacacGGGTTGGTAAATYTYGTGCCAGC,R26,NNNtcagtgtcCATAGTGGGGTATCTAATCCCAGTT
MiBird,EM192_010,F2,NNNacagcacaGGGTTGGTAAATYTYGTGCCAGC,R26,NNNtcagtgtcCATAGTGGGGTATCTAATCCCAGTT
MiBird,EM192_011,F3,NNNNgtgtacatGGGTTGGTAAATYTYGTGCCAGC,R26,NNNtcagtgtcCATAGTGGGGTATCTAATCCCAGTT
MiBird,EM192_012,F4,NNtatgtcagGGGTTGGTAAATYTYGTGCCAGC,R26,NNNtcagtgtcCATAGTGGGGTATCTAATCCCAGTT
MiBird,EM192_013,F5,NNNtagtcgcaGGGTTGGTAAATYTYGTGCCAGC,R26,NNNtcagtgtcCATAGTGGGGTATCTAATCCCAGTT
MiBird,EM192_014,F6,NNNNtactatacGGGTTGGTAAATYTYGTGCCAGC,R26,NNNtcagtgtcCATAGTGGGGTATCTAATCCCAGTT
MiBird,EM192_015,F7,NNactagatcGGGTTGGTAAATYTYGTGCCAGC,R26,NNNtcagtgtcCATAGTGGGGTATCTAATCCCAGTT
MiBird,EM192_016,F8,NNNgatcgcgaGGGTTGGTAAATYTYGTGCCAGC,R26,NNNtcagtgtcCATAGTGGGGTATCTAATCCCAGTT
MiBird,EM192_017,F1,NNacacacacGGGTTGGTAAATYTYGTGCCAGC,R27,NNNNactctgctCATAGTGGGGTATCTAATCCCAGTT
MiBird,EM192_018,F2,NNNacagcacaGGGTTGGTAAATYTYGTGCCAGC,R27,NNNNactctgctCATAGTGGGGTATCTAATCCCAGTT
MiBird,EM192_019,F3,NNNNgtgtacatGGGTTGGTAAATYTYGTGCCAGC,R27,NNNNactctgctCATAGTGGGGTATCTAATCCCAGTT
MiBird,EM192_020,F4,NNtatgtcagGGGTTGGTAAATYTYGTGCCAGC,R27,NNNNactctgctCATAGTGGGGTATCTAATCCCAGTT
MiBird,EM192_021,F5,NNNtagtcgcaGGGTTGGTAAATYTYGTGCCAGC,R27,NNNNactctgctCATAGTGGGGTATCTAATCCCAGTT
MiBird,EM192_022,F6,NNNNtactatacGGGTTGGTAAATYTYGTGCCAGC,R27,NNNNactctgctCATAGTGGGGTATCTAATCCCAGTT
MiBird,EM192_023,F7,NNactagatcGGGTTGGTAAATYTYGTGCCAGC,R27,NNNNactctgctCATAGTGGGGTATCTAATCCCAGTT
MiBird,EM192_024,F8,NNNgatcgcgaGGGTTGGTAAATYTYGTGCCAGC,R27,NNNNactctgctCATAGTGGGGTATCTAATCCCAGTT
MiBird,EM192_025,F1,NNacacacacGGGTTGGTAAATYTYGTGCCAGC,R28,NNatatagcgCATAGTGGGGTATCTAATCCCAGTT
MiBird,EM192_026,F2,NNNacagcacaGGGTTGGTAAATYTYGTGCCAGC,R28,NNatatagcgCATAGTGGGGTATCTAATCCCAGTT
MiBird,EM192_027,F3,NNNNgtgtacatGGGTTGGTAAATYTYGTGCCAGC,R28,NNatatagcgCATAGTGGGGTATCTAATCCCAGTT
MiBird,EM192_028,F4,NNtatgtcagGGGTTGGTAAATYTYGTGCCAGC,R28,NNatatagcgCATAGTGGGGTATCTAATCCCAGTT
MiBird,EM192_029,F5,NNNtagtcgcaGGGTTGGTAAATYTYGTGCCAGC,R28,NNatatagcgCATAGTGGGGTATCTAATCCCAGTT
MiBird,EM192_030,F6,NNNNtactatacGGGTTGGTAAATYTYGTGCCAGC,R28,NNatatagcgCATAGTGGGGTATCTAATCCCAGTT
MiBird,EM192_031,F7,NNactagatcGGGTTGGTAAATYTYGTGCCAGC,R28,NNatatagcgCATAGTGGGGTATCTAATCCCAGTT
MiBird,EM192_032,F8,NNNgatcgcgaGGGTTGGTAAATYTYGTGCCAGC,R28,NNatatagcgCATAGTGGGGTATCTAATCCCAGTT
MiBird,EM192_033,F1,NNacacacacGGGTTGGTAAATYTYGTGCCAGC,R29,NNNctatgctaCATAGTGGGGTATCTAATCCCAGTT
MiBird,EM192_034,F2,NNNacagcacaGGGTTGGTAAATYTYGTGCCAGC,R29,NNNctatgctaCATAGTGGGGTATCTAATCCCAGTT
MiBird,EM192_035,F3,NNNNgtgtacatGGGTTGGTAAATYTYGTGCCAGC,R29,NNNctatgctaCATAGTGGGGTATCTAATCCCAGTT
MiBird,EM192_036,F4,NNtatgtcagGGGTTGGTAAATYTYGTGCCAGC,R29,NNNctatgctaCATAGTGGGGTATCTAATCCCAGTT
MiBird,EM192_037,F5,NNNtagtcgcaGGGTTGGTAAATYTYGTGCCAGC,R29,NNNctatgctaCATAGTGGGGTATCTAATCCCAGTT
MiBird,EM192_038,F6,NNNNtactatacGGGTTGGTAAATYTYGTGCCAGC,R29,NNNctatgctaCATAGTGGGGTATCTAATCCCAGTT
MiBird,EM192_039,F7,NNactagatcGGGTTGGTAAATYTYGTGCCAGC,R29,NNNctatgctaCATAGTGGGGTATCTAATCCCAGTT
MiBird,EM192_040,F8,NNNgatcgcgaGGGTTGGTAAATYTYGTGCCAGC,R29,NNNctatgctaCATAGTGGGGTATCTAATCCCAGTT
MiBird,EM192_041,F1,NNacacacacGGGTTGGTAAATYTYGTGCCAGC,R30,NNNNtcgcgctgCATAGTGGGGTATCTAATCCCAGTT
MiBird,EM192_042,F2,NNNacagcacaGGGTTGGTAAATYTYGTGCCAGC,R30,NNNNtcgcgctgCATAGTGGGGTATCTAATCCCAGTT
MiBird,EM192_043,F3,NNNNgtgtacatGGGTTGGTAAATYTYGTGCCAGC,R30,NNNNtcgcgctgCATAGTGGGGTATCTAATCCCAGTT
MiBird,EM192_044,F4,NNtatgtcagGGGTTGGTAAATYTYGTGCCAGC,R30,NNNNtcgcgctgCATAGTGGGGTATCTAATCCCAGTT
MiBird,EM192_045,F5,NNNtagtcgcaGGGTTGGTAAATYTYGTGCCAGC,R30,NNNNtcgcgctgCATAGTGGGGTATCTAATCCCAGTT
MiBird,EM192_046,F6,NNNNtactatacGGGTTGGTAAATYTYGTGCCAGC,R30,NNNNtcgcgctgCATAGTGGGGTATCTAATCCCAGTT
MiBird,EM192_047,F7,NNactagatcGGGTTGGTAAATYTYGTGCCAGC,R30,NNNNtcgcgctgCATAGTGGGGTATCTAATCCCAGTT
MiBird,EM192_048,F8,NNNgatcgcgaGGGTTGGTAAATYTYGTGCCAGC,R30,NNNNtcgcgctgCATAGTGGGGTATCTAATCCCAGTT
MiBird,EM192_049,F1,NNacacacacGGGTTGGTAAATYTYGTGCCAGC,R31,NNagcacagtCATAGTGGGGTATCTAATCCCAGTT
MiBird,EM192_050,F2,NNNacagcacaGGGTTGGTAAATYTYGTGCCAGC,R31,NNagcacagtCATAGTGGGGTATCTAATCCCAGTT
MiBird,EM192_051,F3,NNNNgtgtacatGGGTTGGTAAATYTYGTGCCAGC,R31,NNagcacagtCATAGTGGGGTATCTAATCCCAGTT
MiBird,EM192_052,F4,NNtatgtcagGGGTTGGTAAATYTYGTGCCAGC,R31,NNagcacagtCATAGTGGGGTATCTAATCCCAGTT
MiBird,EM192_053,F5,NNNtagtcgcaGGGTTGGTAAATYTYGTGCCAGC,R31,NNagcacagtCATAGTGGGGTATCTAATCCCAGTT
MiBird,EM192_054,F6,NNNNtactatacGGGTTGGTAAATYTYGTGCCAGC,R31,NNagcacagtCATAGTGGGGTATCTAATCCCAGTT
MiBird,EM192_055,F7,NNactagatcGGGTTGGTAAATYTYGTGCCAGC,R31,NNagcacagtCATAGTGGGGTATCTAATCCCAGTT
MiBird,EM192_056,F8,NNNgatcgcgaGGGTTGGTAAATYTYGTGCCAGC,R31,NNagcacagtCATAGTGGGGTATCTAATCCCAGTT
MiBird,EM192_057,F1,NNacacacacGGGTTGGTAAATYTYGTGCCAGC,R32,NNNtagctagtCATAGTGGGGTATCTAATCCCAGTT
MiBird,EM192_058,F2,NNNacagcacaGGGTTGGTAAATYTYGTGCCAGC,R32,NNNtagctagtCATAGTGGGGTATCTAATCCCAGTT
MiBird,EM192_059,F3,NNNNgtgtacatGGGTTGGTAAATYTYGTGCCAGC,R32,NNNtagctagtCATAGTGGGGTATCTAATCCCAGTT
MiBird,EM192_060,F4,NNtatgtcagGGGTTGGTAAATYTYGTGCCAGC,R32,NNNtagctagtCATAGTGGGGTATCTAATCCCAGTT
MiBird,EM192_061,F5,NNNtagtcgcaGGGTTGGTAAATYTYGTGCCAGC,R32,NNNtagctagtCATAGTGGGGTATCTAATCCCAGTT
MiBird,EM192_062,F6,NNNNtactatacGGGTTGGTAAATYTYGTGCCAGC,R32,NNNtagctagtCATAGTGGGGTATCTAATCCCAGTT
MiBird,EM192_063,F7,NNactagatcGGGTTGGTAAATYTYGTGCCAGC,R32,NNNtagctagtCATAGTGGGGTATCTAATCCCAGTT
MiBird,EM192_064,F8,NNNgatcgcgaGGGTTGGTAAATYTYGTGCCAGC,R32,NNNtagctagtCATAGTGGGGTATCTAATCCCAGTT
MiBird,EM192_065,F8,NNNgatcgcgaGGGTTGGTAAATYTYGTGCCAGC,R12,NNNNgactgatgCATAGTGGGGTATCTAATCCCAGTT